
-- phpMyAdmin SQL Dump
-- version 3.5.2.2
-- http://www.phpmyadmin.net
--
-- Хост: localhost
-- Время создания: Июл 19 2016 г., 08:38
-- Версия сервера: 10.0.20-MariaDB
-- Версия PHP: 5.2.17

SET SQL_MODE="NO_AUTO_VALUE_ON_ZERO";
SET time_zone = "+00:00";


/*!40101 SET @OLD_CHARACTER_SET_CLIENT=@@CHARACTER_SET_CLIENT */;
/*!40101 SET @OLD_CHARACTER_SET_RESULTS=@@CHARACTER_SET_RESULTS */;
/*!40101 SET @OLD_COLLATION_CONNECTION=@@COLLATION_CONNECTION */;
/*!40101 SET NAMES utf8 */;

--
-- База данных: `u780232127_modul`
--

-- --------------------------------------------------------

--
-- Структура таблицы `advertising`
--

CREATE TABLE IF NOT EXISTS `advertising` (
  `id` int(11) NOT NULL AUTO_INCREMENT,
  `title` varchar(255) NOT NULL,
  `company` varchar(255) NOT NULL,
  `price` float NOT NULL,
  `link` varchar(255) NOT NULL,
  PRIMARY KEY (`id`)
) ENGINE=MyISAM  DEFAULT CHARSET=utf8 AUTO_INCREMENT=7 ;

--
-- Дамп данных таблицы `advertising`
--

INSERT INTO `advertising` (`id`, `title`, `company`, `price`, `link`) VALUES
(1, 'Лазерная коррекция зрения', 'новий зір', 1500, 'http://www.zir.com.ua/'),
(2, 'Курсы PHP', 'школа веб-программирования', 4200, 'http://php-academy.kiev.ua/'),
(3, 'PUMA', 'olx', 1339, 'http://olx.ua/obyavlenie/puma-by-rihanna-creeper-puma-rianna-sin-bezh-cher-bel-super-tsena-IDljKis.html#4bebf37b0d'),
(4, 'belle', 'http://www.belle.kiev.ua/tsena.html', 700, 'http://www.belle.kiev.ua/tsena.html'),
(5, 'Office 365 буде з вами', 'microsoft', 7000, ''),
(6, 'Сорочинський ярмарок', 'operetta', 180, '');

-- --------------------------------------------------------

--
-- Структура таблицы `category`
--

CREATE TABLE IF NOT EXISTS `category` (
  `id` int(11) NOT NULL AUTO_INCREMENT,
  `title` varchar(255) NOT NULL,
  PRIMARY KEY (`id`)
) ENGINE=MyISAM  DEFAULT CHARSET=utf8 AUTO_INCREMENT=6 ;

--
-- Дамп данных таблицы `category`
--

INSERT INTO `category` (`id`, `title`) VALUES
(1, 'Sport'),
(2, 'Policy'),
(3, 'Economy'),
(4, 'Science'),
(5, 'Health');

-- --------------------------------------------------------

--
-- Структура таблицы `messages`
--

CREATE TABLE IF NOT EXISTS `messages` (
  `id` tinyint(3) unsigned NOT NULL AUTO_INCREMENT,
  `name` varchar(100) NOT NULL,
  `email` varchar(100) NOT NULL,
  `message` text,
  PRIMARY KEY (`id`)
) ENGINE=MyISAM  DEFAULT CHARSET=utf8 AUTO_INCREMENT=3 ;

-- --------------------------------------------------------

--
-- Структура таблицы `news`
--

CREATE TABLE IF NOT EXISTS `news` (
  `id` int(11) NOT NULL AUTO_INCREMENT,
  `title` varchar(255) NOT NULL,
  `image` varchar(255) NOT NULL,
  `description` varchar(255) NOT NULL,
  `text` text NOT NULL,
  `id_category` int(11) NOT NULL,
  `tags` int(11) NOT NULL,
  `date` datetime NOT NULL,
  PRIMARY KEY (`id`)
) ENGINE=MyISAM  DEFAULT CHARSET=utf8 AUTO_INCREMENT=31 ;

--
-- Дамп данных таблицы `news`
--

INSERT INTO `news` (`id`, `title`, `image`, `description`, `text`, `id_category`, `tags`, `date`) VALUES
(1, 'Lorem ipsum', '11.jpg', 'Et harum quidem rerum facilis est et expedita distinctio. ', 'Sed ut perspiciatis, unde omnis iste natus error sit voluptatem accusantium doloremque laudantium, totam rem aperiam eaque ipsa, quae ab illo inventore veritatis et quasi architecto beatae vitae dicta sunt, explicabo. Nemo enim ipsam voluptatem, quia voluptas sit, aspernatur aut odit aut fugit, sed quia consequuntur magni dolores eos, qui ratione voluptatem sequi nesciunt, neque porro quisquam est, qui dolorem ipsum, quia dolor sit, amet, consectetur, adipisci velit, sed quia non numquam eius modi tempora incidunt, ut labore et dolore magnam aliquam quaerat voluptatem. Ut enim ad minima veniam, quis nostrum exercitationem ullam corporis suscipit laboriosam, nisi ut aliquid ex ea commodi consequatur? Quis autem vel eum iure reprehenderit, qui in ea voluptate velit esse, quam nihil molestiae consequatur, vel illum, qui dolorem eum fugiat, quo voluptas nulla pariatur? At vero eos et accusamus et iusto odio dignissimos ducimus, qui blanditiis praesentium voluptatum deleniti atque corrupti, quos dolores et quas molestias excepturi sint, obcaecati cupiditate non provident, similique sunt in culpa, qui officia deserunt mollitia animi, id est laborum et dolorum fuga. Et harum quidem rerum facilis est et expedita distinctio. Nam libero tempore, cum soluta nobis est eligendi optio, cumque nihil impedit, quo minus id, quod maxime placeat, facere possimus, omnis voluptas assumenda est, omnis dolor repellendus. Temporibus autem quibusdam et aut officiis debitis aut rerum necessitatibus saepe eveniet, ut et voluptates repudiandae sint et molestiae non recusandae. Itaque earum rerum hic tenetur a sapiente delectus, ut aut reiciendis voluptatibus maiores alias consequatur aut perferendis doloribus asperiores repellat.\r\n', 1, 0, '2016-07-11 00:00:00'),
(2, 'Sed ut perspiciatis', '22.jpg', 'Temporibus autem quibusdam et aut officiis debitis aut rerum necessitatibus saepe eveniet, ut et voluptates repudiandae sint et molestiae non recusandae.', 'Ut enim ad minima veniam, quis nostrum exercitationem ullam corporis suscipit laboriosam, nisi ut aliquid ex ea commodi consequatur? Quis autem vel eum iure reprehenderit, qui in ea voluptate velit esse, quam nihil molestiae consequatur, vel illum, qui dolorem eum fugiat, quo voluptas nulla pariatur? At vero eos et accusamus et iusto odio dignissimos ducimus, qui blanditiis praesentium voluptatum deleniti atque corrupti, quos dolores et quas molestias excepturi sint, obcaecati cupiditate non provident, similique sunt in culpa, qui officia deserunt mollitia animi, id est laborum et dolorum fuga. Et harum quidem rerum facilis est et expedita distinctio. Nam libero tempore, cum soluta nobis est eligendi optio, cumque nihil impedit, quo minus id, quod maxime placeat, facere possimus, omnis voluptas assumenda est, omnis dolor repellendus. Temporibus autem quibusdam et aut officiis debitis aut rerum necessitatibus saepe eveniet, ut et voluptates repudiandae sint et molestiae non recusandae. Itaque earum rerum hic tenetur a sapiente delectus, ut aut reiciendis voluptatibus maiores alias consequatur aut perferendis doloribus asperiores repellat.', 2, 0, '2016-07-05 20:00:00'),
(3, 'Ut enim ad minima veniam', '33.jpg', 'Nemo enim ipsam voluptatem, quia voluptas sit, aspernatur aut odit aut fugit, sed quia consequuntur magni dolores eos, qui ratione voluptatem sequi nesciunt', 'Nemo enim ipsam voluptatem, quia voluptas sit, aspernatur aut odit aut fugit, sed quia consequuntur magni dolores eos, qui ratione voluptatem sequi nesciunt, neque porro quisquam est, qui dolorem ipsum, quia dolor sit, amet, consectetur, adipisci velit, sed quia non numquam eius modi tempora incidunt, ut labore et dolore magnam aliquam quaerat voluptatem. Ut enim ad minima veniam, quis nostrum exercitationem ullam corporis suscipit laboriosam, nisi ut aliquid ex ea commodi consequatur? Quis autem vel eum iure reprehenderit, qui in ea voluptate velit esse, quam nihil molestiae consequatur, vel illum, qui dolorem eum fugiat, quo voluptas nulla pariatur? At vero eos et accusamus et iusto odio dignissimos ducimus, qui blanditiis praesentium voluptatum deleniti atque corrupti, quos dolores et quas molestias excepturi sint, obcaecati cupiditate non provident, similique sunt in culpa, qui officia deserunt mollitia animi, id est laborum et dolorum fuga. Et harum quidem rerum facilis est et expedita distinctio. Nam libero tempore, cum soluta nobis est eligendi optio, cumque nihil impedit, quo minus id, quod maxime placeat, facere possimus, omnis voluptas assumenda est, omnis dolor repellendus. Temporibus autem quibusdam et aut officiis debitis aut rerum necessitatibus saepe eveniet, ut et voluptates repudiandae sint et molestiae non recusandae. Itaque earum rerum hic tenetur a sapiente delectus, ut aut reiciendis voluptatibus maiores alias consequatur aut perferendis doloribus asperiores repellat', 3, 0, '2016-07-12 15:40:13'),
(4, 'Excepteur sint occaecat', '44.jpg', 'Lorem ipsum dolor sit amet, consectetur adipiscing elit, sed do eiusmod tempor incididunt ut labore et dolore magna aliqua. Ut enim ad minim veniam, quis nostrud exercitation ullamco', 'Lorem ipsum dolor sit amet, consectetur adipiscing elit, sed do eiusmod tempor incididunt ut labore et dolore magna aliqua. Ut enim ad minim veniam, quis nostrud exercitation ullamco laboris nisi ut aliquip ex ea commodo consequat. Duis aute irure dolor in reprehenderit in voluptate velit esse cillum dolore eu fugiat nulla pariatur. Excepteur sint occaecat cupidatat non proident, sunt in culpa qui officia deserunt mollit anim id est laborum.Lorem ipsum dolor sit amet, consectetur adipiscing elit, sed do eiusmod tempor incididunt ut labore et dolore magna aliqua. Ut enim ad minim veniam, quis nostrud exercitation ullamco laboris nisi ut aliquip ex ea commodo consequat. Duis aute irure dolor in reprehenderit in voluptate velit esse cillum dolore eu fugiat nulla pariatur. Excepteur sint occaecat cupidatat non proident, sunt in culpa qui officia deserunt mollit anim id est laborum.Lorem ipsum dolor sit amet, consectetur adipiscing elit, sed do eiusmod tempor incididunt ut labore et dolore magna aliqua. Ut enim ad minim veniam, quis nostrud exercitation ullamco laboris nisi ut aliquip ex ea commodo consequat. Duis aute irure dolor in reprehenderit in voluptate velit esse cillum dolore eu fugiat nulla pariatur. Excepteur sint occaecat cupidatat non proident, sunt in culpa qui officia deserunt mollit anim id est laborum.', 4, 0, '2016-07-13 10:16:42'),
(5, 'Temporibus autem quibusdam', '55.jpg', 'Sed ut perspiciatis, unde omnis iste natus error sit voluptatem accusantium doloremque laudantium, totam rem aperiam eaque ipsa', 'Sed ut perspiciatis, unde omnis iste natus error sit voluptatem accusantium doloremque laudantium, totam rem aperiam eaque ipsa, quae ab illo inventore veritatis et quasi architecto beatae vitae dicta sunt, explicabo. Nemo enim ipsam voluptatem, quia voluptas sit, aspernatur aut odit aut fugit, sed quia consequuntur magni dolores eos, qui ratione voluptatem sequi nesciunt, neque porro quisquam est, qui dolorem ipsum, quia dolor sit, amet, consectetur, adipisci velit, sed quia non numquam eius modi tempora incidunt, ut labore et dolore magnam aliquam quaerat voluptatem. Ut enim ad minima veniam, quis nostrum exercitationem ullam corporis suscipit laboriosam, nisi ut aliquid ex ea commodi consequatur? Quis autem vel eum iure reprehenderit, qui in ea voluptate velit esse, quam nihil molestiae consequatur, vel illum, qui dolorem eum fugiat, quo voluptas nulla pariatur? At vero eos et accusamus et iusto odio dignissimos ducimus, qui blanditiis praesentium voluptatum deleniti atque corrupti, quos dolores et quas molestias excepturi sint, obcaecati cupiditate non provident, similique sunt in culpa, qui officia deserunt mollitia animi, id est laborum et dolorum fuga.Sed ut perspiciatis, unde omnis iste natus error sit voluptatem accusantium doloremque laudantium, totam rem aperiam eaque ipsa, quae ab illo inventore veritatis et quasi architecto beatae vitae dicta sunt, explicabo. Nemo enim ipsam voluptatem, quia voluptas sit, aspernatur aut odit aut fugit, sed quia consequuntur magni dolores eos, qui ratione voluptatem sequi nesciunt, neque porro quisquam est, qui dolorem ipsum, quia dolor sit, amet, consectetur, adipisci velit, sed quia non numquam eius modi tempora incidunt, ut labore et dolore magnam aliquam quaerat voluptatem. Ut enim ad minima veniam, quis nostrum exercitationem ullam corporis suscipit laboriosam, nisi ut aliquid ex ea commodi consequatur? Quis autem vel eum iure reprehenderit, qui in ea voluptate velit esse, quam nihil molestiae consequatur, vel illum, qui dolorem eum fugiat, quo voluptas nulla pariatur? At vero eos et accusamus et iusto odio dignissimos ducimus, qui blanditiis praesentium voluptatum deleniti atque corrupti, quos dolores et quas molestias excepturi sint, obcaecati cupiditate non provident, similique sunt in culpa, qui officia deserunt mollitia animi, id est laborum et dolorum fuga.', 5, 0, '2016-07-13 21:11:00'),
(6, 'Excepteur sint occaecat', '77.jpg', 'Ut enim ad minima veniam, quis nostrum exercitationem ullam corporis suscipit laboriosam, nisi ut aliquid', 'Quis autem vel eum iure reprehenderit, qui in ea voluptate velit esse, quam nihil molestiae consequatur, vel illum, qui dolorem eum fugiat, quo voluptas nulla pariatur? At vero eos et accusamus et iusto odio dignissimos ducimus, qui blanditiis praesentium voluptatum deleniti atque corrupti, quos dolores et quas molestias excepturi sint, obcaecati cupiditate non provident, similique sunt in culpa, qui officia deserunt mollitia animi, id est laborum et dolorum fuga. Et harum quidem rerum facilis est et expedita distinctio. Nam libero tempore, cum soluta nobis est eligendi optio, cumque nihil impedit, quo minus id, quod maxime placeat, facere possimus, omnis voluptas assumenda est, omnis dolor repellendus. Temporibus autem quibusdam et aut officiis debitis aut rerum necessitatibus saepe eveniet, ut et voluptates repudiandae sint et molestiae non recusandae. Itaque earum rerum hic tenetur a sapiente delectus, ut aut reiciendis voluptatibus maiores alias consequatur aut perferendis doloribus asperiores repellat.Quis autem vel eum iure reprehenderit, qui in ea voluptate velit esse, quam nihil molestiae consequatur, vel illum, qui dolorem eum fugiat, quo voluptas nulla pariatur? At vero eos et accusamus et iusto odio dignissimos ducimus, qui blanditiis praesentium voluptatum deleniti atque corrupti, quos dolores et quas molestias excepturi sint, obcaecati cupiditate non provident, similique sunt in culpa, qui officia deserunt mollitia animi, id est laborum et dolorum fuga. Et harum quidem rerum facilis est et expedita distinctio. Nam libero tempore, cum soluta nobis est eligendi optio, cumque nihil impedit, quo minus id, quod maxime placeat, facere possimus, omnis voluptas assumenda est, omnis dolor repellendus. Temporibus autem quibusdam et aut officiis debitis aut rerum necessitatibus saepe eveniet, ut et voluptates repudiandae sint et molestiae non recusandae. Itaque earum rerum hic tenetur a sapiente delectus, ut aut reiciendis voluptatibus maiores alias consequatur aut perferendis doloribus asperiores repellat.', 1, 0, '2016-07-11 06:00:00'),
(7, 'Duis aute irure dolor', '99.jpg', 'Duis aute irure dolor in reprehenderit in voluptate velit esse cillum dolore eu fugiat nulla pariatur. ', 'At vero eos et accusamus et iusto odio dignissimos ducimus, qui blanditiis praesentium voluptatum deleniti atque corrupti, quos dolores et quas molestias excepturi sint, obcaecati cupiditate non provident, similique sunt in culpa, qui officia deserunt mollitia animi, id est laborum et dolorum fuga. Et harum quidem rerum facilis est et expedita distinctio. Nam libero tempore, cum soluta nobis est eligendi optio, cumque nihil impedit, quo minus id, quod maxime placeat, facere possimus, omnis voluptas assumenda est, omnis dolor repellendus. Temporibus autem quibusdam et aut officiis debitis aut rerum necessitatibus saepe eveniet, ut et voluptates repudiandae sint et molestiae non recusandae. Itaque earum rerum hic tenetur a sapiente delectus, ut aut reiciendis voluptatibus maiores alias consequatur aut perferendis doloribus asperiores repellat.At vero eos et accusamus et iusto odio dignissimos ducimus, qui blanditiis praesentium voluptatum deleniti atque corrupti, quos dolores et quas molestias excepturi sint, obcaecati cupiditate non provident, similique sunt in culpa, qui officia deserunt mollitia animi, id est laborum et dolorum fuga. Et harum quidem rerum facilis est et expedita distinctio. Nam libero tempore, cum soluta nobis est eligendi optio, cumque nihil impedit, quo minus id, quod maxime placeat, facere possimus, omnis voluptas assumenda est, omnis dolor repellendus. Temporibus autem quibusdam et aut officiis debitis aut rerum necessitatibus saepe eveniet, ut et voluptates repudiandae sint et molestiae non recusandae. Itaque earum rerum hic tenetur a sapiente delectus, ut aut reiciendis voluptatibus maiores alias consequatur aut perferendis doloribus asperiores repellat.At vero eos et accusamus et iusto odio dignissimos ducimus, qui blanditiis praesentium voluptatum deleniti atque corrupti, quos dolores et quas molestias excepturi sint, obcaecati cupiditate non provident, similique sunt in culpa, qui officia deserunt mollitia animi, id est laborum et dolorum fuga. Et harum quidem rerum facilis est et expedita distinctio. Nam libero tempore, cum soluta nobis est eligendi optio, cumque nihil impedit, quo minus id, quod maxime placeat, facere possimus, omnis voluptas assumenda est, omnis dolor repellendus. Temporibus autem quibusdam et aut officiis debitis aut rerum necessitatibus saepe eveniet, ut et voluptates repudiandae sint et molestiae non recusandae. Itaque earum rerum hic tenetur a sapiente delectus, ut aut reiciendis voluptatibus maiores alias consequatur aut perferendis doloribus asperiores repellat.', 2, 0, '2016-07-14 15:00:00'),
(8, 'Ut enim ad minima veniam', '88.jpg', 'Ut enim ad minima veniam, quis nostrum exercitationem ullam corporis suscipit laboriosam, nisi ut aliquid ex ea commodi consequatur?', ' Ut enim ad minima veniam, quis nostrum exercitationem ullam corporis suscipit laboriosam, nisi ut aliquid ex ea commodi consequatur? Quis autem vel eum iure reprehenderit, qui in ea voluptate velit esse, quam nihil molestiae consequatur, vel illum, qui dolorem eum fugiat, quo voluptas nulla pariatur? At vero eos et accusamus et iusto odio dignissimos ducimus, qui blanditiis praesentium voluptatum deleniti atque corrupti, quos dolores et quas molestias excepturi sint, obcaecati cupiditate non provident, similique sunt in culpa, qui officia deserunt mollitia animi, id est laborum et dolorum fuga. Et harum quidem rerum facilis est et expedita distinctio. Nam libero tempore, cum soluta nobis est eligendi optio, cumque nihil impedit, quo minus id, quod maxime placeat, facere possimus, omnis voluptas assumenda est, omnis dolor repellendus. Temporibus autem quibusdam et aut officiis debitis aut rerum necessitatibus saepe eveniet, ut et voluptates repudiandae sint et molestiae non recusandae. Itaque earum rerum hic tenetur a sapiente delectus, ut aut reiciendis voluptatibus maiores alias consequatur aut perferendis doloribus asperiores repellat. Ut enim ad minima veniam, quis nostrum exercitationem ullam corporis suscipit laboriosam, nisi ut aliquid ex ea commodi consequatur? Quis autem vel eum iure reprehenderit, qui in ea voluptate velit esse, quam nihil molestiae consequatur, vel illum, qui dolorem eum fugiat, quo voluptas nulla pariatur? At vero eos et accusamus et iusto odio dignissimos ducimus, qui blanditiis praesentium voluptatum deleniti atque corrupti, quos dolores et quas molestias excepturi sint, obcaecati cupiditate non provident, similique sunt in culpa, qui officia deserunt mollitia animi, id est laborum et dolorum fuga. Et harum quidem rerum facilis est et expedita distinctio. Nam libero tempore, cum soluta nobis est eligendi optio, cumque nihil impedit, quo minus id, quod maxime placeat, facere possimus, omnis voluptas assumenda est, omnis dolor repellendus. Temporibus autem quibusdam et aut officiis debitis aut rerum necessitatibus saepe eveniet, ut et voluptates repudiandae sint et molestiae non recusandae. Itaque earum rerum hic tenetur a sapiente delectus, ut aut reiciendis voluptatibus maiores alias consequatur aut perferendis doloribus asperiores repellat.', 3, 0, '2016-07-08 13:06:00'),
(9, 'Nemo enim ipsam', '11.png', ' Nemo enim ipsam voluptatem, quia voluptas sit, aspernatur aut odit aut fugit, sed quia consequuntur magni dolores eos', 'Nemo enim ipsam voluptatem, quia voluptas sit, aspernatur aut odit aut fugit, sed quia consequuntur magni dolores eos, qui ratione voluptatem sequi nesciunt, neque porro quisquam est, qui dolorem ipsum, quia dolor sit, amet, consectetur, adipisci velit, sed quia non numquam eius modi tempora incidunt, ut labore et dolore magnam aliquam quaerat voluptatem. Ut enim ad minima veniam, quis nostrum exercitationem ullam corporis suscipit laboriosam, nisi ut aliquid ex ea commodi consequatur? Quis autem vel eum iure reprehenderit, qui in ea voluptate velit esse, quam nihil molestiae consequatur, vel illum, qui dolorem eum fugiat, quo voluptas nulla pariatur? At vero eos et accusamus et iusto odio dignissimos ducimus, qui blanditiis praesentium voluptatum deleniti atque corrupti, quos dolores et quas molestias excepturi sint, obcaecati cupiditate non provident, similique sunt in culpa, qui officia deserunt mollitia animi, id est laborum et dolorum fuga. Et harum quidem rerum facilis est et expedita distinctio. Nam libero tempore, cum soluta nobis est eligendi optio, cumque nihil impedit, quo minus id, quod maxime placeat, facere possimus, omnis voluptas assumenda est, omnis dolor repellendus. Temporibus autem quibusdam et aut officiis debitis aut rerum necessitatibus saepe eveniet, ut et voluptates repudiandae sint et molestiae non recusandae. Itaque earum rerum hic tenetur a sapiente delectus, ut aut reiciendis voluptatibus maiores alias consequatur aut perferendis doloribus asperiores repellat.Nemo enim ipsam voluptatem, quia voluptas sit, aspernatur aut odit aut fugit, sed quia consequuntur magni dolores eos, qui ratione voluptatem sequi nesciunt, neque porro quisquam est, qui dolorem ipsum, quia dolor sit, amet, consectetur, adipisci velit, sed quia non numquam eius modi tempora incidunt, ut labore et dolore magnam aliquam quaerat voluptatem. Ut enim ad minima veniam, quis nostrum exercitationem ullam corporis suscipit laboriosam, nisi ut aliquid ex ea commodi consequatur? Quis autem vel eum iure reprehenderit, qui in ea voluptate velit esse, quam nihil molestiae consequatur, vel illum, qui dolorem eum fugiat, quo voluptas nulla pariatur? At vero eos et accusamus et iusto odio dignissimos ducimus, qui blanditiis praesentium voluptatum deleniti atque corrupti, quos dolores et quas molestias excepturi sint, obcaecati cupiditate non provident, similique sunt in culpa, qui officia deserunt mollitia animi, id est laborum et dolorum fuga. Et harum quidem rerum facilis est et expedita distinctio. Nam libero tempore, cum soluta nobis est eligendi optio, cumque nihil impedit, quo minus id, quod maxime placeat, facere possimus, omnis voluptas assumenda est, omnis dolor repellendus. Temporibus autem quibusdam et aut officiis debitis aut rerum necessitatibus saepe eveniet, ut et voluptates repudiandae sint et molestiae non recusandae. Itaque earum rerum hic tenetur a sapiente delectus, ut aut reiciendis voluptatibus maiores alias consequatur aut perferendis doloribus asperiores repellat.', 4, 0, '2016-07-10 11:00:00'),
(10, 'Lorem ipsum dolor sit', '10.jpg', 'Lorem ipsum dolor sit amet, consectetur adipiscing elit, sed do eiusmod tempor incididunt ut labore et dolore magna aliqua.', 'Lorem ipsum dolor sit amet, consectetur adipiscing elit, sed do eiusmod tempor incididunt ut labore et dolore magna aliqua. Ut enim ad minim veniam, quis nostrud exercitation ullamco laboris nisi ut aliquip ex ea commodo consequat. Duis aute irure dolor in reprehenderit in voluptate velit esse cillum dolore eu fugiat nulla pariatur. Excepteur sint occaecat cupidatat non proident, sunt in culpa qui officia deserunt mollit anim id est laborum.Lorem ipsum dolor sit amet, consectetur adipiscing elit, sed do eiusmod tempor incididunt ut labore et dolore magna aliqua. Ut enim ad minim veniam, quis nostrud exercitation ullamco laboris nisi ut aliquip ex ea commodo consequat. Duis aute irure dolor in reprehenderit in voluptate velit esse cillum dolore eu fugiat nulla pariatur. Excepteur sint occaecat cupidatat non proident, sunt in culpa qui officia deserunt mollit anim id est laborum.', 5, 0, '2016-07-14 14:40:00'),
(11, 'Lorem Ipsum', '22.jpg', 'Lorem ipsum dolor sit amet, consectetur adipiscing elit, sed do eiusmod tempor incididunt ut labore et dolore magna aliqua.', 'Lorem ipsum dolor sit amet, consectetur adipiscing elit, sed do eiusmod tempor incididunt ut labore et dolore magna aliqua. Ut enim ad minim veniam, quis nostrud exercitation ullamco laboris nisi ut aliquip ex ea commodo consequat. Duis aute irure dolor in reprehenderit in voluptate velit esse cillum dolore eu fugiat nulla pariatur. Excepteur sint occaecat cupidatat non proident, sunt in culpa qui officia deserunt mollit anim id est laborum.Lorem ipsum dolor sit amet, consectetur adipiscing elit, sed do eiusmod tempor incididunt ut labore et dolore magna aliqua. Ut enim ad minim veniam, quis nostrud exercitation ullamco laboris nisi ut aliquip ex ea commodo consequat. Duis aute irure dolor in reprehenderit in voluptate velit esse cillum dolore eu fugiat nulla pariatur. Excepteur sint occaecat cupidatat non proident, sunt in culpa qui officia deserunt mollit anim id est laborum.', 1, 0, '2016-07-13 10:13:00'),
(12, 'de Finibus Bonorum et Malorum', '33.jpg', 'ed ut perspiciatis unde omnis iste natus error sit voluptatem accusantium doloremque laudantium, totam rem aperiam, eaque ipsa quae ab illo inventore veritatis et quasi architecto beatae vitae dicta sunt explicabo.', 'Sed ut perspiciatis unde omnis iste natus error sit voluptatem accusantium doloremque laudantium, totam rem aperiam, eaque ipsa quae ab illo inventore veritatis et quasi architecto beatae vitae dicta sunt explicabo. Nemo enim ipsam voluptatem quia voluptas sit aspernatur aut odit aut fugit, sed quia consequuntur magni dolores eos qui ratione voluptatem sequi nesciunt. Neque porro quisquam est, qui dolorem ipsum quia dolor sit amet, consectetur, adipisci velit, sed quia non numquam eius modi tempora incidunt ut labore et dolore magnam aliquam quaerat voluptatem. Ut enim ad minima veniam, quis nostrum exercitationem ullam corporis suscipit laboriosam, nisi ut aliquid ex ea commodi consequatur? Quis autem vel eum iure reprehenderit qui in ea voluptate velit esse quam nihil molestiae consequatur, vel illum qui dolorem eum fugiat quo voluptas nulla pariatur?Sed ut perspiciatis unde omnis iste natus error sit voluptatem accusantium doloremque laudantium, totam rem aperiam, eaque ipsa quae ab illo inventore veritatis et quasi architecto beatae vitae dicta sunt explicabo. Nemo enim ipsam voluptatem quia voluptas sit aspernatur aut odit aut fugit, sed quia consequuntur magni dolores eos qui ratione voluptatem sequi nesciunt. Neque porro quisquam est, qui dolorem ipsum quia dolor sit amet, consectetur, adipisci velit, sed quia non numquam eius modi tempora incidunt ut labore et dolore magnam aliquam quaerat voluptatem. Ut enim ad minima veniam, quis nostrum exercitationem ullam corporis suscipit laboriosam, nisi ut aliquid ex ea commodi consequatur? Quis autem vel eum iure reprehenderit qui in ea voluptate velit esse quam nihil molestiae consequatur, vel illum qui dolorem eum fugiat quo voluptas nulla pariatur?', 2, 0, '2016-07-11 06:43:00'),
(13, 'But I must explain to you', '100.jpg', 'But I must explain to you how all this mistaken idea of denouncing pleasure and praising pain was born ', 'But I must explain to you how all this mistaken idea of denouncing pleasure and praising pain was born and I will give you a complete account of the system, and expound the actual teachings of the great explorer of the truth, the master-builder of human happiness. No one rejects, dislikes, or avoids pleasure itself, because it is pleasure, but because those who do not know how to pursue pleasure rationally encounter consequences that are extremely painful. Nor again is there anyone who loves or pursues or desires to obtain pain of itself, because it is pain, but because occasionally circumstances occur in which toil and pain can procure him some great pleasure. To take a trivial example, which of us ever undertakes laborious physical exercise, except to obtain some advantage from it? But who has any right to find fault with a man who chooses to enjoy a pleasure that has no annoying consequences, or one who avoids a pain that produces no resultant pleasure?But I must explain to you how all this mistaken idea of denouncing pleasure and praising pain was born and I will give you a complete account of the system, and expound the actual teachings of the great explorer of the truth, the master-builder of human happiness. No one rejects, dislikes, or avoids pleasure itself, because it is pleasure, but because those who do not know how to pursue pleasure rationally encounter consequences that are extremely painful. Nor again is there anyone who loves or pursues or desires to obtain pain of itself, because it is pain, but because occasionally circumstances occur in which toil and pain can procure him some great pleasure. To take a trivial example, which of us ever undertakes laborious physical exercise, except to obtain some advantage from it? But who has any right to find fault with a man who chooses to enjoy a pleasure that has no annoying consequences, or one who avoids a pain that produces no resultant pleasure?', 3, 0, '2016-07-16 10:12:00'),
(14, 'de Finibus Bonorum et Malorum', '55.jpg', 'At vero eos et accusamus et iusto odio dignissimos ducimus qui blanditiis praesentium voluptatum deleniti atque corrupti ', 'At vero eos et accusamus et iusto odio dignissimos ducimus qui blanditiis praesentium voluptatum deleniti atque corrupti quos dolores et quas molestias excepturi sint occaecati cupiditate non provident, similique sunt in culpa qui officia deserunt mollitia animi, id est laborum et dolorum fuga. Et harum quidem rerum facilis est et expedita distinctio. Nam libero tempore, cum soluta nobis est eligendi optio cumque nihil impedit quo minus id quod maxime placeat facere possimus, omnis voluptas assumenda est, omnis dolor repellendus. Temporibus autem quibusdam et aut officiis debitis aut rerum necessitatibus saepe eveniet ut et voluptates repudiandae sint et molestiae non recusandae. Itaque earum rerum hic tenetur a sapiente delectus, ut aut reiciendis voluptatibus maiores alias consequatur aut perferendis doloribus asperiores repellat.At vero eos et accusamus et iusto odio dignissimos ducimus qui blanditiis praesentium voluptatum deleniti atque corrupti quos dolores et quas molestias excepturi sint occaecati cupiditate non provident, similique sunt in culpa qui officia deserunt mollitia animi, id est laborum et dolorum fuga. Et harum quidem rerum facilis est et expedita distinctio. Nam libero tempore, cum soluta nobis est eligendi optio cumque nihil impedit quo minus id quod maxime placeat facere possimus, omnis voluptas assumenda est, omnis dolor repellendus. Temporibus autem quibusdam et aut officiis debitis aut rerum necessitatibus saepe eveniet ut et voluptates repudiandae sint et molestiae non recusandae. Itaque earum rerum hic tenetur a sapiente delectus, ut aut reiciendis voluptatibus maiores alias consequatur aut perferendis doloribus asperiores repellat.', 4, 0, '2016-07-10 09:59:22'),
(15, 'On the other hand, we denounce', '44.jpg', 'To take a trivial example, which of us ever undertakes laborious', 'But I must explain to you how all this mistaken idea of denouncing pleasure and praising pain was born and I will give you a complete account of the system, and expound the actual teachings of the great explorer of the truth, the master-builder of human happiness. No one rejects, dislikes, or avoids pleasure itself, because it is pleasure, but because those who do not know how to pursue pleasure rationally encounter consequences that are extremely painful. Nor again is there anyone who loves or pursues or desires to obtain pain of itself, because it is pain, but because occasionally circumstances occur in which toil and pain can procure him some great pleasure. To take a trivial example, which of us ever undertakes laborious physical exercise, except to obtain some advantage from it? But who has any right to find fault with a man who chooses to enjoy a pleasure that has no annoying consequences, or one who avoids a pain that produces no resultant pleasure?But I must explain to you how all this mistaken idea of denouncing pleasure and praising pain was born and I will give you a complete account of the system, and expound the actual teachings of the great explorer of the truth, the master-builder of human happiness. No one rejects, dislikes, or avoids pleasure itself, because it is pleasure, but because those who do not know how to pursue pleasure rationally encounter consequences that are extremely painful. Nor again is there anyone who loves or pursues or desires to obtain pain of itself, because it is pain, but because occasionally circumstances occur in which toil and pain can procure him some great pleasure. To take a trivial example, which of us ever undertakes laborious physical exercise, except to obtain some advantage from it? But who has any right to find fault with a man who chooses to enjoy a pleasure that has no annoying consequences, or one who avoids a pain that produces no resultant pleasure?But I must explain to you how all this mistaken idea of denouncing pleasure and praising pain was born and I will give you a complete account of the system, and expound the actual teachings of the great explorer of the truth, the master-builder of human happiness. No one rejects, dislikes, or avoids pleasure itself, because it is pleasure, but because those who do not know how to pursue pleasure rationally encounter consequences that are extremely painful. Nor again is there anyone who loves or pursues or desires to obtain pain of itself, because it is pain, but because occasionally circumstances occur in which toil and pain can procure him some great pleasure. To take a trivial example, which of us ever undertakes laborious physical exercise, except to obtain some advantage from it? But who has any right to find fault with a man who chooses to enjoy a pleasure that has no annoying consequences, or one who avoids a pain that produces no resultant pleasure?', 5, 0, '2016-07-09 07:05:00'),
(16, 'Sed ut perspiciatis unde omnis', '77.jpg', 'No one rejects, dislikes, or avoids pleasure itself, because it is pleasure', 'Sed ut perspiciatis unde omnis iste natus error sit voluptatem accusantium doloremque laudantium, totam rem aperiam, eaque ipsa quae ab illo inventore veritatis et quasi architecto beatae vitae dicta sunt explicabo. Nemo enim ipsam voluptatem quia voluptas sit aspernatur aut odit aut fugit, sed quia consequuntur magni dolores eos qui ratione voluptatem sequi nesciunt. Neque porro quisquam est, qui dolorem ipsum quia dolor sit amet, consectetur, adipisci velit, sed quia non numquam eius modi tempora incidunt ut labore et dolore magnam aliquam quaerat voluptatem. Ut enim ad minima veniam, quis nostrum exercitationem ullam corporis suscipit laboriosam, nisi ut aliquid ex ea commodi consequatur? Quis autem vel eum iure reprehenderit qui in ea voluptate velit esse quam nihil molestiae consequatur, vel illum qui dolorem eum fugiat quo voluptas nulla pariatur?Sed ut perspiciatis unde omnis iste natus error sit voluptatem accusantium doloremque laudantium, totam rem aperiam, eaque ipsa quae ab illo inventore veritatis et quasi architecto beatae vitae dicta sunt explicabo. Nemo enim ipsam voluptatem quia voluptas sit aspernatur aut odit aut fugit, sed quia consequuntur magni dolores eos qui ratione voluptatem sequi nesciunt. Neque porro quisquam est, qui dolorem ipsum quia dolor sit amet, consectetur, adipisci velit, sed quia non numquam eius modi tempora incidunt ut labore et dolore magnam aliquam quaerat voluptatem. Ut enim ad minima veniam, quis nostrum exercitationem ullam corporis suscipit laboriosam, nisi ut aliquid ex ea commodi consequatur? Quis autem vel eum iure reprehenderit qui in ea voluptate velit esse quam nihil molestiae consequatur, vel illum qui dolorem eum fugiat quo voluptas nulla pariatur?Sed ut perspiciatis unde omnis iste natus error sit voluptatem accusantium doloremque laudantium, totam rem aperiam, eaque ipsa quae ab illo inventore veritatis et quasi architecto beatae vitae dicta sunt explicabo. Nemo enim ipsam voluptatem quia voluptas sit aspernatur aut odit aut fugit, sed quia consequuntur magni dolores eos qui ratione voluptatem sequi nesciunt. Neque porro quisquam est, qui dolorem ipsum quia dolor sit amet, consectetur, adipisci velit, sed quia non numquam eius modi tempora incidunt ut labore et dolore magnam aliquam quaerat voluptatem. Ut enim ad minima veniam, quis nostrum exercitationem ullam corporis suscipit laboriosam, nisi ut aliquid ex ea commodi consequatur? Quis autem vel eum iure reprehenderit qui in ea voluptate velit esse quam nihil molestiae consequatur, vel illum qui dolorem eum fugiat quo voluptas nulla pariatur?', 1, 0, '2016-07-10 15:00:00'),
(17, 'Lorem ipsum', '99.jpg', 'Maecenas lectus justo, porttitor in bibendum non, sagittis tincidunt dui.', 'Lorem ipsum dolor sit amet, consectetur adipiscing elit. Maecenas lectus justo, porttitor in bibendum non, sagittis tincidunt dui. Cum sociis natoque penatibus et magnis dis parturient montes, nascetur ridiculus mus. Duis pretium, libero et eleifend faucibus, lacus turpis aliquam sem, ut porta lacus orci non ex. Curabitur eu augue ligula. Suspendisse molestie nisi vitae purus lacinia, et auctor tellus aliquam. Ut ante augue, imperdiet eleifend odio eu, ullamcorper convallis dolor. Praesent lobortis finibus viverra. Fusce porta convallis justo non pharetra. Fusce rutrum sollicitudin dui, ut consequat eros aliquet vel. Nulla sapien ante, fermentum ac accumsan at, efficitur eu ante. Vestibulum in turpis justo. Nullam ultricies sed magna et imperdiet. Morbi nec ex et arcu dictum iaculis a eu urna. Etiam scelerisque orci et nisl pellentesque, vitae faucibus orci eleifend.\r\n\r\nMaecenas consequat augue vestibulum nisl consequat, ut fermentum neque auctor. Integer libero turpis, tincidunt vel ullamcorper id, luctus a mauris. Phasellus non ligula sed mi ornare vulputate. Aenean at nisl urna. Praesent porta erat eget elit elementum volutpat. Morbi risus eros, ullamcorper a elit sit amet, lacinia rutrum est. Donec a volutpat sapien, ut interdum tellus. Maecenas consectetur quam dolor. Etiam orci justo, luctus nec eros vitae, luctus finibus purus. Nunc suscipit sapien in pellentesque rhoncus. Fusce cursus magna ut nisl tristique, sit amet gravida tellus eleifend. Suspendisse bibendum ornare erat ac scelerisque.', 2, 0, '2016-07-07 18:11:35'),
(18, 'Sed semper nec nibh', '11.jpg', 'Sed semper nec nibh quis sagittis. Sed commodo tincidunt rutrum.', 'Sed semper nec nibh quis sagittis. Sed commodo tincidunt rutrum. Pellentesque auctor magna in enim scelerisque, imperdiet malesuada justo tincidunt. Praesent porta, orci ut finibus consectetur, tortor elit mollis urna, at condimentum erat mi et sem. Praesent laoreet efficitur metus. Aliquam vitae dolor tincidunt, luctus ex non, ornare erat. Curabitur feugiat nulla in dolor congue pretium. Cras maximus elit et magna sollicitudin, ac fringilla enim porttitor. Nulla quis tincidunt risus, non faucibus velit. Sed dapibus elementum leo a mollis. Etiam eget ex tellus. Nullam at eleifend risus. Aenean at semper est.\r\n\r\nNullam accumsan pellentesque enim. Vivamus consequat justo neque, eget mattis tellus fermentum ac. Nullam vitae urna ut mi tristique mattis sodales imperdiet urna. Pellentesque ornare massa sit amet dignissim hendrerit. Etiam ipsum lorem, porttitor eu posuere ac, dapibus sit amet urna. Proin massa velit, mattis nec arcu pretium, blandit auctor est. Nunc a fringilla metus.', 3, 0, '2016-07-06 06:38:00'),
(19, 'Donec pellentesque lectus arcu', '33.jpg', 'Sed venenatis at dolor sit amet rhoncus. Integer pellentesque lectus in justo suscipit, vel volutpat ex volutpat.', 'Nullam accumsan pellentesque enim. Vivamus consequat justo neque, eget mattis tellus fermentum ac. Nullam vitae urna ut mi tristique mattis sodales imperdiet urna. Pellentesque ornare massa sit amet dignissim hendrerit. Etiam ipsum lorem, porttitor eu posuere ac, dapibus sit amet urna. Proin massa velit, mattis nec arcu pretium, blandit auctor est. Nunc a fringilla metus.\r\n\r\nDonec pellentesque lectus arcu, eget sollicitudin elit pellentesque a. Sed venenatis at dolor sit amet rhoncus. Integer pellentesque lectus in justo suscipit, vel volutpat ex volutpat. Nam lobortis neque nec aliquam lobortis. Nulla vel ex pharetra, eleifend augue et, dignissim libero. Sed at dui suscipit, feugiat ex in, ornare metus. Aenean suscipit fermentum ligula, nec fringilla metus commodo eget. Curabitur ut tincidunt urna. Vestibulum elit lorem, convallis id odio posuere, volutpat feugiat nibh. Suspendisse at augue ipsum. Suspendisse aliquet volutpat gravida.', 4, 0, '2016-07-05 10:00:00'),
(20, 'In feugiat libero', '55.jpg', 'Sed euismod blandit vehicula. Suspendisse sodales nisl in lectus posuere, ac feugiat mi feugiat', 'Phasellus aliquam lectus nulla. Aenean tincidunt mauris ut arcu sagittis, posuere elementum sem eleifend. Etiam non turpis rutrum, rhoncus nulla sit amet, iaculis augue. Duis scelerisque in tellus quis venenatis. Donec tincidunt nisl metus, id rutrum tortor rutrum at. Sed euismod blandit vehicula. Suspendisse sodales nisl in lectus posuere, ac feugiat mi feugiat. Vestibulum malesuada tellus eu euismod luctus. Fusce non nisl rhoncus, cursus quam eu, tristique odio. Praesent accumsan arcu in tempus fringilla. Nullam sollicitudin magna ipsum. Vivamus tortor libero, rutrum a posuere id, sagittis eu justo. Praesent ipsum dolor, semper nec orci a, blandit dapibus ex.\r\n\r\nNunc sit amet nisl eget ex commodo fringilla fringilla et nisl. Quisque eros erat, eleifend ut risus ac, mollis elementum tellus. Proin malesuada tellus est, efficitur pellentesque eros tincidunt eget. Donec consequat, metus vel lobortis finibus, sem purus suscipit leo, in facilisis erat purus id odio. Nam tincidunt lorem tortor. Sed ante massa, sodales cursus malesuada et, vehicula venenatis lorem. Proin vel metus metus. Duis risus ante, scelerisque ac rhoncus a, consequat eu justo. Curabitur eros massa, rhoncus eu mauris in, porta ultrices lacus. Vivamus id nulla sapien. Morbi et ipsum at mauris convallis luctus non id lectus. In feugiat libero et aliquet vehicula. Vestibulum auctor eros et suscipit pretium. Pellentesque sed tortor at magna placerat luctus sed ut velit. Curabitur rhoncus libero dui, at tincidunt justo ullamcorper et.', 5, 0, '2016-07-05 04:00:00'),
(21, 'Interdum et malesuada', '10.jpg', 'Interdum et malesuada fames ac ante ipsum primis in faucibus.', 'Interdum et malesuada fames ac ante ipsum primis in faucibus. Nunc iaculis, est quis lacinia porta, lectus sapien dignissim risus, vitae commodo tortor arcu sed metus. Suspendisse potenti. Suspendisse dignissim sapien sit amet erat ultricies vestibulum. Ut et enim lectus. Nulla id felis porta, ullamcorper metus vitae, eleifend elit. Mauris maximus sagittis velit id bibendum. Nulla vulputate mauris laoreet, volutpat metus in, semper leo. Nunc tincidunt metus felis, vel ornare purus euismod et. Praesent dignissim pretium velit, id iaculis dolor facilisis ac. Morbi dapibus, felis vitae dictum consectetur, urna quam aliquet purus, vel semper diam orci vitae est. Phasellus sed dolor volutpat, venenatis tellus et, iaculis nibh. Vestibulum urna mi, rutrum vitae leo sed, semper semper nisl. Nullam sed blandit nisi. Phasellus id scelerisque velit. Cras aliquet in nibh eget euismod.\r\n\r\nPhasellus aliquam lectus nulla. Aenean tincidunt mauris ut arcu sagittis, posuere elementum sem eleifend. Etiam non turpis rutrum, rhoncus nulla sit amet, iaculis augue. Duis scelerisque in tellus quis venenatis. Donec tincidunt nisl metus, id rutrum tortor rutrum at. Sed euismod blandit vehicula. Suspendisse sodales nisl in lectus posuere, ac feugiat mi feugiat. Vestibulum malesuada tellus eu euismod luctus. Fusce non nisl rhoncus, cursus quam eu, tristique odio. Praesent accumsan arcu in tempus fringilla. Nullam sollicitudin magna ipsum. Vivamus tortor libero, rutrum a posuere id, sagittis eu justo. Praesent ipsum dolor, semper nec orci a, blandit dapibus ex.', 1, 0, '2016-07-04 16:28:00'),
(22, 'Nunc sit amet nisl eget ex commodo', '88.jpg', 'Quisque eros erat, eleifend ut risus ac, mollis elementum tellus. Proin malesuada tellus est, efficitur pellentesque eros tincidunt eget.', 'Nunc sit amet nisl eget ex commodo fringilla fringilla et nisl. Quisque eros erat, eleifend ut risus ac, mollis elementum tellus. Proin malesuada tellus est, efficitur pellentesque eros tincidunt eget. Donec consequat, metus vel lobortis finibus, sem purus suscipit leo, in facilisis erat purus id odio. Nam tincidunt lorem tortor. Sed ante massa, sodales cursus malesuada et, vehicula venenatis lorem. Proin vel metus metus. Duis risus ante, scelerisque ac rhoncus a, consequat eu justo. Curabitur eros massa, rhoncus eu mauris in, porta ultrices lacus. Vivamus id nulla sapien. Morbi et ipsum at mauris convallis luctus non id lectus. In feugiat libero et aliquet vehicula. Vestibulum auctor eros et suscipit pretium. Pellentesque sed tortor at magna placerat luctus sed ut velit. Curabitur rhoncus libero dui, at tincidunt justo ullamcorper et.\r\n\r\nPraesent cursus viverra tellus, non vulputate elit eleifend a. Ut consectetur mattis nisl, vel cursus diam condimentum ac. Vestibulum dapibus urna in tellus ornare tempor. Vestibulum in ex dignissim, fringilla lorem et, aliquet dolor. Praesent malesuada, mi sed congue pellentesque, nisi metus tincidunt mi, et laoreet enim magna in arcu. Nunc sed dui at leo faucibus commodo sit amet sit amet orci. Quisque euismod arcu in tellus interdum, et dapibus justo sagittis. Cras magna libero, consequat eu velit ut, tincidunt venenatis sapien. Nulla sagittis ac libero in scelerisque. Etiam scelerisque ligula est. Duis placerat justo id gravida molestie. Etiam nunc elit, mattis quis metus a, scelerisque maximus lectus. Maecenas imperdiet augue nec odio ornare tincidunt. Duis eget massa vel ex porta finibus. Morbi sit amet faucibus libero, at eleifend augue.', 2, 0, '2016-07-03 13:30:00'),
(23, 'Suspendisse potenti', '77.jpg', 'Fusce tempus orci eget felis pulvinar congue. Proin vel lectus arcu. Fusce pharetra aliquam lorem eu aliquet. Vestibulum ante ipsum primis in faucibus orci luctus et ultrices posuere cubilia Curae', 'Fusce tempus orci eget felis pulvinar congue. Proin vel lectus arcu. Fusce pharetra aliquam lorem eu aliquet. Vestibulum ante ipsum primis in faucibus orci luctus et ultrices posuere cubilia Curae; Suspendisse aliquam lacus vel tellus aliquet tempus. Nullam ut rhoncus lacus. Aenean neque lorem, feugiat eu velit aliquam, blandit finibus nunc. Aenean orci nibh, rhoncus ultrices fermentum ac, aliquet ut mauris. Etiam tellus nulla, laoreet id vestibulum eu, mattis ac ex. Vivamus sodales arcu vitae commodo fringilla. Maecenas posuere rutrum varius. Pellentesque facilisis ante molestie leo posuere, vitae lobortis purus ultrices. Pellentesque tellus libero, sollicitudin sed placerat eu, suscipit ac est. Proin non lacus convallis, interdum mauris eget, accumsan nisi. Donec tincidunt tincidunt commodo. Aliquam vitae leo et massa elementum egestas at vel mi.\r\n\r\nVestibulum odio mauris, ultricies sit amet lectus quis, vulputate lacinia massa. Sed quis purus eget nisi facilisis auctor. Aliquam erat volutpat. Maecenas iaculis ligula quis metus gravida elementum. Sed auctor scelerisque justo, quis volutpat tellus semper eu. Sed volutpat rutrum mauris pretium condimentum. Aenean sodales gravida arcu ac tristique. Sed in consequat nisi.\r\n\r\nSed consequat sem eget dictum sagittis. Vestibulum quis risus libero. Lorem ipsum dolor sit amet, consectetur adipiscing elit. Suspendisse elementum nunc eget tempus lacinia. Suspendisse potenti. Nulla facilisis dignissim turpis venenatis auctor. Maecenas fermentum tempus ante. Pellentesque et arcu eu lacus convallis malesuada. Nullam id nulla vulputate dolor condimentum ultricies. Nunc id justo tempus, suscipit magna at, rhoncus lorem. In lacinia, turpis vel pellentesque maximus, lacus tellus bibendum augue, eu lacinia ex enim non mauris. Sed aliquam rhoncus augue sed condimentum. Cras lacinia leo ligula, quis blandit dolor imperdiet vel.', 3, 0, '2016-07-06 10:10:27'),
(24, 'Maecenas at rhoncus nisl', '99.jpg', 'Morbi tincidunt, lorem efficitur ultricies venenatis, risus dolor blandit urna, sed luctus nulla nisl nec felis.', 'Maecenas at rhoncus nisl, placerat dictum lacus. Morbi tincidunt, lorem efficitur ultricies venenatis, risus dolor blandit urna, sed luctus nulla nisl nec felis. Maecenas dignissim porttitor nisi ac lobortis. Pellentesque elit ipsum, laoreet ac enim sed, vulputate efficitur turpis. Pellentesque pulvinar sit amet nisl vitae vehicula. Sed ullamcorper sapien non purus efficitur, vel pretium mauris aliquam. Curabitur et nisl nibh. In a porttitor metus. Maecenas hendrerit aliquet nisl. Proin dictum nunc in velit interdum dapibus vel vel mi. Suspendisse dignissim turpis a sem mattis lacinia. Ut molestie, orci a fermentum placerat, leo ipsum tincidunt quam, in faucibus elit elit et ex. Nam eleifend orci libero, non varius sem cursus nec. Cras imperdiet nunc sem, elementum vehicula elit eleifend quis. Nullam pulvinar augue sit amet arcu ornare, sit amet cursus mi sodales.\r\n\r\nProin pharetra, est sit amet aliquam vestibulum, nibh lorem pellentesque dolor, id lacinia metus erat rutrum metus. Aliquam feugiat lectus turpis, eget tristique dui feugiat ac. Aenean dictum orci at sapien vulputate volutpat. Praesent condimentum, risus nec faucibus egestas, ligula nisi ultricies leo, iaculis fringilla nisl dolor sed purus. Vivamus viverra fringilla mauris, ut vehicula purus pulvinar vitae. Maecenas magna ipsum, finibus eu dui quis, porttitor aliquam massa. Nam dignissim turpis in bibendum vestibulum. Pellentesque venenatis quam ante, a porta nisi tincidunt quis. Nulla at feugiat nulla, eu consequat orci. Donec rutrum et tortor et euismod. Quisque cursus vehicula odio eget malesuada. In aliquet faucibus mi vel laoreet. Nullam a tortor finibus, euismod est in, cursus nulla. Fusce hendrerit tincidunt magna a efficitur. Praesent dapibus nibh a lacus maximus, cursus commodo lectus auctor. Aenean egestas, eros ac ultrices viverra, lacus lacus elementum metus, vitae venenatis tellus nunc non ligula.\r\n\r\nVestibulum id scelerisque enim, eu ornare eros. Mauris eu lacus ut justo mollis pretium ut eget leo. Ut lorem massa, commodo ut velit in, laoreet sodales ex. Nam vehicula pharetra justo, quis ultrices dolor pretium eget. Phasellus porttitor mattis tellus eget dignissim. Mauris vel bibendum tellus, finibus finibus enim. Nam interdum, diam lobortis maximus facilisis, lectus lacus faucibus odio, sit amet auctor leo odio a ipsum. In eget maximus sem. Phasellus vitae dolor vulputate, suscipit eros ac, interdum lectus. Vestibulum ante ipsum primis in faucibus orci luctus et ultrices posuere cubilia Curae; Suspendisse potenti.', 4, 0, '2016-07-11 07:00:00'),
(25, 'Curabitur tempor', '100.jpg', 'Class aptent taciti sociosqu ad litora torquent per conubia nostra, per inceptos himenaeos.', 'Aenean vel nunc hendrerit, accumsan tellus eget, viverra enim. Fusce at enim ut neque luctus ornare. Pellentesque at lacus urna. In hac habitasse platea dictumst. Curabitur scelerisque sapien in ex ullamcorper, sed ullamcorper arcu pellentesque. Vivamus scelerisque, massa vitae lobortis lobortis, quam orci varius risus, ac auctor nisi lorem a magna. Interdum et malesuada fames ac ante ipsum primis in faucibus. Vivamus ante ex, mollis non tempor ut, porta sed ante.\r\n\r\nCurabitur tempor maximus ligula vel egestas. Curabitur eleifend vulputate tempor. Class aptent taciti sociosqu ad litora torquent per conubia nostra, per inceptos himenaeos. Morbi feugiat dolor est, et tincidunt augue malesuada vitae. Duis ac lobortis nulla. Duis pharetra efficitur felis, a fermentum eros pulvinar ut. Sed congue dapibus hendrerit. Phasellus id quam libero. Proin vel cursus dolor. Proin non libero et est iaculis feugiat.', 5, 0, '2016-07-07 23:00:00');
INSERT INTO `news` (`id`, `title`, `image`, `description`, `text`, `id_category`, `tags`, `date`) VALUES
(26, 'Nunc non bibendum quam', '10.jpg', 'Morbi vitae purus vel purus maximus dictum. Maecenas tincidunt eros et nulla sodales pellentesque. Aenean vitae elit finibus velit commodo molestie sit amet vitae ante. ', 'Nunc non bibendum quam. Morbi vitae purus vel purus maximus dictum. Maecenas tincidunt eros et nulla sodales pellentesque. Aenean vitae elit finibus velit commodo molestie sit amet vitae ante. Ut a rutrum turpis, semper facilisis erat. Proin tempus enim a tortor laoreet, a congue nisl accumsan. Nunc finibus felis nibh, sed scelerisque augue cursus sed. In tristique enim rhoncus velit scelerisque, in suscipit elit tristique. Sed vel iaculis massa. Vivamus et lobortis ligula.\r\n\r\nVestibulum iaculis enim at elit viverra, et fringilla velit scelerisque. Nullam ullamcorper ipsum sit amet convallis dictum. Nunc tortor libero, euismod et justo et, auctor sodales urna. Aliquam quis gravida tellus, non dapibus tellus. Maecenas ac commodo lorem. Donec gravida non augue et auctor. Aliquam ultricies aliquet nulla pharetra efficitur. Quisque tempus bibendum sapien, cursus pulvinar tortor interdum et. Aliquam suscipit urna id dignissim consequat.\r\n\r\nNulla eu massa urna. Vestibulum vestibulum sodales dui, vitae auctor mauris vehicula at. Phasellus nec mi hendrerit, lacinia est at, egestas odio. Proin gravida efficitur hendrerit. Proin vitae massa non lorem ullamcorper tristique ultricies sed lectus. Proin lacinia magna ac mi commodo ornare. Nunc vitae massa fringilla, placerat magna eu, rutrum arcu. Mauris ac tempus turpis. Nullam id sapien tempor, lacinia orci id, sollicitudin elit.', 1, 0, '2016-07-03 19:00:00'),
(27, 'Aliquam erat volutpat', '12.jpg', 'Cras vel mollis augue. Phasellus consectetur odio a urna ultrices, et rutrum massa efficitur. Cras euismod lectus eget tristique pharetra.', 'Aliquam erat volutpat. Cras vel mollis augue. Phasellus consectetur odio a urna ultrices, et rutrum massa efficitur. Cras euismod lectus eget tristique pharetra. Donec sed rutrum quam, ac interdum odio. Aenean mollis venenatis enim in blandit. Fusce ut augue maximus, ullamcorper est sit amet, lobortis orci. Nam et interdum odio, vel dictum tortor. Sed libero erat, feugiat eget placerat sed, laoreet ac eros. Suspendisse libero neque, rutrum id turpis non, gravida efficitur elit. Vestibulum ullamcorper dolor dui, at volutpat odio maximus a. Nulla dapibus nulla at purus efficitur sollicitudin. Proin rhoncus elit magna, lacinia sagittis metus semper ac. Integer eleifend quam mauris, at tempor nisi dictum vitae. Sed vestibulum maximus metus, eu lobortis metus. Nam euismod orci turpis, et gravida ex pulvinar vitae.\r\n\r\nInteger porttitor lectus massa, sit amet varius leo volutpat quis. Praesent dapibus neque ut quam interdum consequat non sed nulla. Nulla tempus, metus quis sagittis sodales, dolor purus scelerisque felis, id tempus ex lorem at nunc. Donec id tincidunt eros, auctor volutpat augue. Vestibulum et tincidunt enim. Quisque posuere vulputate laoreet. Mauris aliquet nec nibh quis efficitur. Quisque est diam, fringilla a odio et, eleifend tristique mi. Nullam eros velit, mollis sit amet convallis vel, pharetra sed sem. Donec pulvinar orci elementum, gravida diam vel, dapibus sapien.', 3, 0, '2016-07-07 07:00:00'),
(28, 'Curabitur pulvinar ex ac sem tincidunt', '100.jpg', 'Quisque eu rhoncus lacus, vitae vehicula nisi. Nullam dictum nunc lectus, et pellentesque justo tempus nec. Phasellus a diam mauris.', 'Integer porttitor lectus massa, sit amet varius leo volutpat quis. Praesent dapibus neque ut quam interdum consequat non sed nulla. Nulla tempus, metus quis sagittis sodales, dolor purus scelerisque felis, id tempus ex lorem at nunc. Donec id tincidunt eros, auctor volutpat augue. Vestibulum et tincidunt enim. Quisque posuere vulputate laoreet. Mauris aliquet nec nibh quis efficitur. Quisque est diam, fringilla a odio et, eleifend tristique mi. Nullam eros velit, mollis sit amet convallis vel, pharetra sed sem. Donec pulvinar orci elementum, gravida diam vel, dapibus sapien.\r\n\r\nCurabitur pulvinar ex ac sem tincidunt, non sollicitudin nisl rutrum. Nunc venenatis vel purus a varius. Aliquam erat volutpat. Maecenas non ex blandit, gravida justo vel, aliquam massa. Integer mollis, elit vitae ultrices vulputate, neque nunc elementum quam, vel volutpat sapien tellus sit amet lorem. Quisque eu rhoncus lacus, vitae vehicula nisi. Nullam dictum nunc lectus, et pellentesque justo tempus nec. Phasellus a diam mauris. Pellentesque eu enim ac lacus porttitor vestibulum. Duis fermentum feugiat nisl, sed tristique diam ultrices vitae. Nam blandit risus non erat convallis viverra id in ligula. Maecenas eget consequat erat. Suspendisse ex leo, consectetur quis interdum venenatis, pulvinar consequat ex. Quisque convallis in ante non pretium. In sollicitudin erat eu fringilla molestie.Integer porttitor lectus massa, sit amet varius leo volutpat quis. Praesent dapibus neque ut quam interdum consequat non sed nulla. Nulla tempus, metus quis sagittis sodales, dolor purus scelerisque felis, id tempus ex lorem at nunc. Donec id tincidunt eros, auctor volutpat augue. Vestibulum et tincidunt enim. Quisque posuere vulputate laoreet. Mauris aliquet nec nibh quis efficitur. Quisque est diam, fringilla a odio et, eleifend tristique mi. Nullam eros velit, mollis sit amet convallis vel, pharetra sed sem. Donec pulvinar orci elementum, gravida diam vel, dapibus sapien.\r\n\r\nCurabitur pulvinar ex ac sem tincidunt, non sollicitudin nisl rutrum. Nunc venenatis vel purus a varius. Aliquam erat volutpat. Maecenas non ex blandit, gravida justo vel, aliquam massa. Integer mollis, elit vitae ultrices vulputate, neque nunc elementum quam, vel volutpat sapien tellus sit amet lorem. Quisque eu rhoncus lacus, vitae vehicula nisi. Nullam dictum nunc lectus, et pellentesque justo tempus nec. Phasellus a diam mauris. Pellentesque eu enim ac lacus porttitor vestibulum. Duis fermentum feugiat nisl, sed tristique diam ultrices vitae. Nam blandit risus non erat convallis viverra id in ligula. Maecenas eget consequat erat. Suspendisse ex leo, consectetur quis interdum venenatis, pulvinar consequat ex. Quisque convallis in ante non pretium. In sollicitudin erat eu fringilla molestie.', 4, 0, '2016-07-13 00:37:00'),
(29, 'Nulla viverra', '11.jpg', ' Duis eget viverra libero. Vestibulum quis sapien ante.', 'Nulla dictum lacinia ex, quis semper turpis faucibus sit amet. Cum sociis natoque penatibus et magnis dis parturient montes, nascetur ridiculus mus. Integer lacinia mauris ac fermentum sollicitudin. Donec euismod lorem id nisi dictum rhoncus. Cras lacinia porta massa nec fermentum. Duis id felis ornare, molestie purus vitae, tincidunt libero. Morbi rutrum urna elit, vitae tincidunt nunc imperdiet eu. Quisque eget aliquam dui. Morbi quis sagittis ipsum, eget blandit nisl. Fusce urna erat, tristique congue ex eget, congue ornare ante. Cras commodo sapien id orci pharetra, at efficitur augue molestie.\r\n\r\nDuis eget viverra libero. Vestibulum quis sapien ante. Nunc venenatis, tortor vel venenatis finibus, neque sapien sodales magna, id vulputate quam velit quis ex. Etiam pretium blandit justo ac vulputate. Cras sollicitudin pulvinar risus. Quisque porta tincidunt ullamcorper. Suspendisse a semper purus. Nulla ornare rutrum elit, quis vestibulum metus maximus id. Donec magna erat, hendrerit vel auctor vitae, iaculis at lacus. Aliquam erat volutpat. Nunc sit amet elit vel neque cursus gravida efficitur at ante.\r\n\r\nNulla viverra, neque consequat molestie finibus, ligula nibh interdum nisl, sollicitudin tincidunt felis metus a lectus. Vestibulum non risus congue, luctus magna sed, porta ante. Fusce a nisl quis odio mollis feugiat. Sed volutpat orci a suscipit cursus. Praesent ut lectus maximus, porttitor orci in, imperdiet nulla. Suspendisse potenti. Praesent tincidunt tempor nibh, sit amet rhoncus risus pulvinar et. Aenean a lorem nec erat maximus auctor. Morbi sit amet ligula in tellus efficitur sagittis id eu neque. Nulla a malesuada dolor.', 5, 0, '2016-07-04 00:00:00'),
(30, 'Suspendisse eget augue', '99.jpg', '', 'Vivamus vel mauris quis urna feugiat eleifend hendrerit vitae augue. Integer fermentum quis ligula vel mollis. Sed vel nisl at lacus consectetur tempor at a sem.\r\n\r\nMauris molestie vulputate urna sit amet iaculis. Vestibulum iaculis suscipit nibh, a pharetra tellus fermentum id. In volutpat urna turpis, sed commodo ante egestas aliquet. Aliquam erat volutpat. Fusce non viverra velit. Mauris finibus pellentesque porta. Sed ornare, quam et ornare volutpat, turpis nisl iaculis augue, in egestas augue est sed purus. Morbi tempor nisi a pharetra ullamcorper.\r\n\r\nCras nisi lorem, pulvinar vitae ornare quis, mattis eu urna. Pellentesque ac mollis sapien, eget pulvinar massa. Aenean nec enim at diam pharetra ornare et et orci. Integer vitae commodo diam. Suspendisse eget augue vel ex hendrerit pharetra eu eget metus. Donec congue convallis ex ut finibus. Nulla in maximus lorem, in pretium sapien. Ut egestas ligula a ex euismod, sed ultrices augue cursus. Nunc consectetur pulvinar sollicitudin. Vivamus scelerisque felis nec lorem ornare convallis. Ut non viverra dolor.', 2, 0, '2016-07-11 10:00:00');

-- --------------------------------------------------------

--
-- Структура таблицы `user`
--

CREATE TABLE IF NOT EXISTS `user` (
  `id` int(11) NOT NULL AUTO_INCREMENT,
  `name` varchar(255) NOT NULL,
  `email` varchar(255) NOT NULL,
  `password` varchar(255) NOT NULL,
  PRIMARY KEY (`id`)
) ENGINE=MyISAM  DEFAULT CHARSET=utf8 AUTO_INCREMENT=3 ;

--
-- Дамп данных таблицы `user`
--

INSERT INTO `user` (`id`, `name`, `email`, `password`) VALUES
(1, 'user1', 'test@gmail.com', '12345'),
(2, 'user', 'test1@gmail.com', '111111');

/*!40101 SET CHARACTER_SET_CLIENT=@OLD_CHARACTER_SET_CLIENT */;
/*!40101 SET CHARACTER_SET_RESULTS=@OLD_CHARACTER_SET_RESULTS */;
/*!40101 SET COLLATION_CONNECTION=@OLD_COLLATION_CONNECTION */;
